id,first_name,last_name,email,gender
1,Martelle,Barette,mbarette0@pagesperso-orange.fr,Female
2,Faustine,Hembery,fhembery1@histats.com,Female
3,Cathi,Piotr,cpiotr2@wordpress.com,Female
4,Gaston,Garlinge,ggarlinge3@gizmodo.com,Male
5,Channa,Kassel,ckassel4@netlog.com,Female
6,Bertine,Mulvin,bmulvin5@vkontakte.ru,Female
7,Vivyanne,Rizzillo,vrizzillo6@unblog.fr,Female
8,Nancey,Linford,nlinford7@oakley.com,Female
9,Tabitha,Russell,trussell8@latimes.com,Female
10,Reginauld,Kobelt,rkobelt9@abc.net.au,Male
11,Alair,Wisker,awiskera@ihg.com,Male
12,Randell,Konmann,rkonmannb@elegantthemes.com,Male
13,Lee,Henderson,lhendersonc@goo.gl,Female
14,Tracey,Strand,tstrandd@globo.com,Male
15,Vivian,Hardwicke,vhardwickee@mlb.com,Female
16,Micky,Maplestone,mmaplestonef@google.pl,Male
17,Serene,Pavic,spavicg@nature.com,Female
18,Rosaline,Nutt,rnutth@usa.gov,Female
19,Garald,Helliker,ghellikeri@nhs.uk,Male
20,Kellyann,Tousey,ktouseyj@hhs.gov,Female
21,Max,Axtens,maxtensk@nydailynews.com,Male
22,Ara,Leuty,aleutyl@themeforest.net,Male
23,Morty,Gajewski,mgajewskim@intel.com,Male
24,Way,Ludee,wludeen@auda.org.au,Male
25,Gay,Menichelli,gmenichellio@miitbeian.gov.cn,Male
26,Jerry,McMennum,jmcmennump@parallels.com,Male
27,Izaak,Simoncello,isimoncelloq@latimes.com,Male
28,Ari,Pittaway,apittawayr@netvibes.com,Male
29,Chance,Peterffy,cpeterffys@icio.us,Male
30,Dorian,Weatherby,dweatherbyt@nifty.com,Male
31,Gerry,Davidowich,gdavidowichu@sfgate.com,Male
32,Whitney,Gohn,wgohnv@technorati.com,Male
33,Theo,Caine,tcainew@blogtalkradio.com,Female
34,Dulcia,Nuton,dnutonx@constantcontact.com,Female
35,Wheeler,Whoston,wwhostony@g.co,Male
36,Toinette,Hargrove,thargrovez@weebly.com,Female
37,Hildagard,Grainger,hgrainger10@bluehost.com,Female
38,Ulysses,Fetherston,ufetherston11@hp.com,Male
39,Ericka,Loveless,eloveless12@gmpg.org,Female
40,Anton,MacIlory,amacilory13@wunderground.com,Male
41,Ranice,Dionisetto,rdionisetto14@cbc.ca,Female
42,Kelbee,Robbins,krobbins15@blogs.com,Male
43,Brennan,Jurasz,bjurasz16@google.com.hk,Male
44,Syman,Weald,sweald17@foxnews.com,Male
45,Caddric,Geraudy,cgeraudy18@columbia.edu,Male
46,Griswold,Linster,glinster19@illinois.edu,Male
47,Fields,Jochen,fjochen1a@odnoklassniki.ru,Male
48,Art,Rubinowicz,arubinowicz1b@nature.com,Male
49,Galvan,Olliff,golliff1c@ovh.net,Male
50,Erena,Whyatt,ewhyatt1d@fda.gov,Female
51,Alexis,Bathowe,abathowe1e@dedecms.com,Female
52,Hendrik,Sparham,hsparham1f@salon.com,Male
53,Quincey,Whitley,qwhitley1g@hc360.com,Male
54,Kessiah,Riddall,kriddall1h@marriott.com,Female
55,Temp,Rosenblatt,trosenblatt1i@japanpost.jp,Male
56,Stefano,Fenn,sfenn1j@prnewswire.com,Male
57,Udale,Falkner,ufalkner1k@xrea.com,Male
58,Edi,Flight,eflight1l@umn.edu,Female
59,Ansell,Ruffle,aruffle1m@hp.com,Male
60,Josey,Breede,jbreede1n@archive.org,Female
61,Barbara,Brecken,bbrecken1o@google.com.br,Female
62,Calla,Eymor,ceymor1p@virginia.edu,Female
63,Livvyy,Lundie,llundie1q@t-online.de,Female
64,Christin,Bogart,cbogart1r@yellowbook.com,Female
65,Caressa,Treasure,ctreasure1s@fastcompany.com,Female
66,Avis,Obbard,aobbard1t@shinystat.com,Female
67,Sheree,Headon,sheadon1u@examiner.com,Female
68,Bernelle,Zannini,bzannini1v@shareasale.com,Female
69,Zola,Puddle,zpuddle1w@seesaa.net,Female
70,Quinn,Longdon,qlongdon1x@scribd.com,Female
71,Raphael,Donat,rdonat1y@accuweather.com,Male
72,Ema,Kolinsky,ekolinsky1z@aboutads.info,Female
73,Anthiathia,Fockes,afockes20@answers.com,Female
74,Stefano,Gavozzi,sgavozzi21@fda.gov,Male
75,Elia,Musla,emusla22@auda.org.au,Male
76,Tommie,Ashbridge,tashbridge23@unc.edu,Male
77,Claudelle,Kment,ckment24@unicef.org,Female
78,Libbey,Clurow,lclurow25@bloomberg.com,Female
79,Gerry,Grist,ggrist26@ovh.net,Male
80,Staci,Oldrey,soldrey27@hc360.com,Female
81,Flory,Rennocks,frennocks28@mediafire.com,Female
82,Moe,Cerith,mcerith29@ameblo.jp,Male
83,Zsa zsa,Leftridge,zleftridge2a@cnbc.com,Female
84,Chilton,Simkovitz,csimkovitz2b@marriott.com,Male
85,Hogan,Gifford,hgifford2c@upenn.edu,Male
86,Sally,Faithorn,sfaithorn2d@wp.com,Female
87,Finn,Gentreau,fgentreau2e@npr.org,Male
88,Farra,Lune,flune2f@stanford.edu,Female
89,Niven,McAvaddy,nmcavaddy2g@sourceforge.net,Male
90,Edward,Kunneke,ekunneke2h@symantec.com,Male
91,Maurice,Murrthum,mmurrthum2i@shop-pro.jp,Male
92,Adara,Hopfer,ahopfer2j@smugmug.com,Female
93,Bancroft,Rippingall,brippingall2k@cdbaby.com,Male
94,Pryce,Judgkins,pjudgkins2l@netvibes.com,Male
95,Brnaby,Mizen,bmizen2m@mozilla.com,Male
96,Adorne,Southward,asouthward2n@sourceforge.net,Female
97,Markus,Glasser,mglasser2o@wikispaces.com,Male
98,Sherwin,Vigors,svigors2p@privacy.gov.au,Male
99,Waly,Wick,wwick2q@about.me,Female
100,Gram,McSkeagan,gmcskeagan2r@bloglines.com,Male
101,Genvieve,Spatarul,gspatarul2s@blinklist.com,Female
102,Denny,Costell,dcostell2t@cocolog-nifty.com,Male
103,Lil,Pincott,lpincott2u@paginegialle.it,Female
104,Vernen,Tanton,vtanton2v@cam.ac.uk,Male
105,Vasily,Le Sarr,vlesarr2w@biblegateway.com,Male
106,Sibel,Stratz,sstratz2x@independent.co.uk,Female
107,Hamlin,Poulden,hpoulden2y@csmonitor.com,Male
108,Joletta,Brotherwood,jbrotherwood2z@godaddy.com,Female
109,Cherish,Filmer,cfilmer30@com.com,Female
110,Justis,Tindall,jtindall31@hibu.com,Male
111,Jorge,Cullingworth,jcullingworth32@slate.com,Male
112,Essie,Rowbury,erowbury33@networksolutions.com,Female
113,Rozina,Dumsday,rdumsday34@mapy.cz,Female
114,Carmina,Pashen,cpashen35@ow.ly,Female
115,Bran,Murrigans,bmurrigans36@live.com,Male
116,Vachel,Clair,vclair37@wikispaces.com,Male
117,Leisha,Dickie,ldickie38@smugmug.com,Female
118,Dunc,Akerman,dakerman39@cbslocal.com,Male
119,Leland,Maryott,lmaryott3a@t.co,Male
120,Yanaton,Hiseman,yhiseman3b@is.gd,Male
121,Zach,Arnason,zarnason3c@bloglovin.com,Male
122,Audrye,Raith,araith3d@typepad.com,Female
123,Caty,Rappaport,crappaport3e@apple.com,Female
124,Jehanna,Millward,jmillward3f@sakura.ne.jp,Female
125,Waiter,Carde,wcarde3g@berkeley.edu,Male
126,Curtice,Minette,cminette3h@feedburner.com,Male
127,Errick,Weerdenburg,eweerdenburg3i@businessweek.com,Male
128,Elmo,Moraleda,emoraleda3j@wiley.com,Male
129,Karlik,Jobbins,kjobbins3k@last.fm,Male
130,Jaquenetta,Fyfe,jfyfe3l@cbslocal.com,Female
131,Chucho,Syrad,csyrad3m@blogger.com,Male
132,Bud,Joselevitch,bjoselevitch3n@mac.com,Male
133,Lyndsay,Rimington,lrimington3o@mail.ru,Female
134,Steffi,Angrove,sangrove3p@eventbrite.com,Female
135,Sterling,Crockett,scrockett3q@yale.edu,Male
136,Bertrand,Meachem,bmeachem3r@yelp.com,Male
137,Frayda,Mathivon,fmathivon3s@eepurl.com,Female
138,Brooks,Giovannacc@i,bgiovannacci3t@ibm.com,Female
139,Kelcy,Basill,kbasill3u@booking.com,Female
140,Neala,Ollivierre,nollivierre3v@aol.com,Female
141,Neddy,Macilhench,nmacilhench3w@cornell.edu,Male
142,Joane,Malter,jmalter3x@phpbb.com,Female
143,Steffane,Caldero,scaldero3y@amazon.com,Female
144,Dari,Scudamore,dscudamore3z@senate.gov,Female
145,Eleni,Lowten,elowten40@prnewswire.com,Female
146,Clayborn,Giovanazzi,cgiovanazzi41@ucoz.ru,Male
147,Antoni,Bryan,abryan42@about.com,Male
148,Emelen,Tarn,etarn43@studiopress.com,Male
149,Carleton,Thewlis,cthewlis44@i2i.jp,Male
150,Ynez,Jeaycock,yjeaycock45@pinterest.com,Female
151,Janeczka,Bulman,jbulman46@t-online.de,Female
152,Gonzalo,Prozillo,gprozillo47@de.vu,Male
153,Blakelee,Domenici,bdomenici48@biblegateway.com,Female
154,Van,Boxill,vboxill49@wisc.edu,Male
155,Tobias,Boyer,tboyer4a@rediff.com,Male
156,Art,Brearty,abrearty4b@census.gov,Male
157,Mommy,Gainor,mgainor4c@shop-pro.jp,Female
158,Gunar,Stovold,gstovold4d@behance.net,Male
159,Jarib,Houndesome,jhoundesome4e@archive.org,Male
160,Moina,Souster,msouster4f@fc2.com,Female
161,Kaja,Filler,kfiller4g@oracle.com,Female
162,Simon,Oulet,soulet4h@weebly.com,Male
163,Sullivan,Sallings,ssallings4i@opera.com,Male
164,Stacey,Oene,soene4j@wisc.edu,Female
165,Cissy,Rooze,crooze4k@amazon.co.uk,Female
166,Darla,Atlay,datlay4l@answers.com,Female
167,Olivia,Dumper,odumper4m@sbwire.com,Female
168,Brewer,Ceci,bceci4n@indiegogo.com,Male
169,Kristofer,Dibble,kdibble4o@themeforest.net,Male
170,Baron,Maylott,bmaylott4p@is.gd,Male
171,Pen,Caccavale,pcaccavale4q@stanford.edu,Female
172,Meredeth,McCallion,mmccallion4r@live.com,Male
173,Maryanna,Champken,mchampken4s@auda.org.au,Female
174,Chelsey,Derill,cderill4t@cyberchimps.com,Female
175,Aidan,Saterthwait,asaterthwait4u@wp.com,Female
176,Des,Alexsandrev,dalexsandrev4v@examiner.com,Male
177,Becky,Dible,bdible4w@marriott.com,Female
178,Erastus,Iddison,eiddison4x@arstechnica.com,Male
179,Freddi,Iacovacci,fiacovacci4y@1688.com,Female
180,Goober,Knowles,gknowles4z@purevolume.com,Male
181,Hersh,McInteer,hmcinteer50@imgur.com,Male
182,Hattie,Lorie,hlorie51@cafepress.com,Female
183,Milty,Duignan,mduignan52@cargocollective.com,Male
184,Roberta,Epine,repine53@gizmodo.com,Female
185,Lemmie,Gooderick,lgooderick54@bigcartel.com,Male
186,Valdemar,Coffin,vcoffin55@ed.gov,Male
187,Addison,McMeekin,amcmeekin56@51.la,Male
188,Newton,McKimm,nmckimm57@mediafire.com,Male
189,Keslie,Stollman,kstollman58@umich.edu,Female
190,Alessandra,Linacre,alinacre59@ebay.co.uk,Female
191,Herb,Snalham,hsnalham5a@elpais.com,Male
192,Dimitry,Pakeman,dpakeman5b@rediff.com,Male
193,Durand,Tidbury,dtidbury5c@pagesperso-orange.fr,Male
194,Berenice,Godlip,bgodlip5d@unblog.fr,Female
195,Bogart,Baudin,bbaudin5e@linkedin.com,Male
196,Dulci,Kibard,dkibard5f@devhub.com,Female
197,Finn,De Roos,fderoos5g@discovery.com,Male
198,Garfield,Grob,ggrob5h@flickr.com,Male
199,Delano,Giovanardi,dgiovanardi5i@about.com,Male
200,Livvie,Bernlin,lbernlin5j@flavors.me,Female
201,Ricardo,Gilbert,rgilbert5k@go.com,Male
202,Meara,Hainge,mhainge5l@wikimedia.org,Female
203,Sylvan,Marrill,smarrill5m@g.co,Male
204,Krisha,Horrell,khorrell5n@xrea.com,Male
205,Zerk,Crumby,zcrumby5o@oracle.com,Male
206,Gertrudis,Bringloe,gbringloe5p@php.net,Female
207,Winny,Loudon,wloudon5q@merriam-webster.com,Male
208,Adelaida,Batcheldor,abatcheldor5r@lycos.com,Female
209,Carmel,Laxen,claxen5s@yale.edu,Female
210,Yale,Tipping,ytipping5t@infoseek.co.jp,Male
211,Hamlin,Ife,hife5u@arizona.edu,Male
212,Beret,Baker,bbaker5v@yellowpages.com,Female
213,Meara,Baumford,mbaumford5w@mozilla.com,Female
214,Tristam,Woodworth,twoodworth5x@sciencedirect.com,Male
215,Wilton,Kimbly,wkimbly5y@theguardian.com,Male
216,Giorgio,Lowrey,glowrey5z@unesco.org,Male
217,Blake,Sidwell,bsidwell60@digg.com,Male
218,Mohandas,McQuorkell,mmcquorkell61@wufoo.com,Male
219,Ellynn,Sambeck,esambeck62@about.com,Female
220,Jacob,Height,jheight63@cam.ac.uk,Male
221,Sharleen,Fennelow,sfennelow64@imdb.com,Female
222,Raphaela,Corton,rcorton65@usda.gov,Female
223,Archibald,MacColgan,amaccolgan66@whitehouse.gov,Male
224,Aprilette,Chasmor,achasmor67@virginia.edu,Female
225,Cassy,Hansom,chansom68@utexas.edu,Female
226,Gerhardt,Gittins,ggittins69@discovery.com,Male
227,Anabel,Barbrook,abarbrook6a@boston.com,Female
228,Cesaro,Waberer,cwaberer6b@meetup.com,Male
229,Tobe,Tuplin,ttuplin6c@businessweek.com,Male
230,Anton,Mancell,amancell6d@about.me,Male
231,Carolan,Melburg,cmelburg6e@jiathis.com,Female
232,Drusi,Hugli,dhugli6f@issuu.com,Female
233,Kristofor,Allpress,kallpress6g@istockphoto.com,Male
234,Gaby,Lothean,glothean6h@altervista.org,Female
235,Clary,Sykes,csykes6i@ovh.net,Female
236,Dniren,Manville,dmanville6j@statcounter.com,Female
237,Vincents,Kennea,vkennea6k@g.co,Male
238,Maura,Copcote,mcopcote6l@baidu.com,Female
239,Idell,Thurling,ithurling6m@wikipedia.org,Female
240,Abbie,Ledrun,aledrun6n@blinklist.com,Female
241,Ransom,Carney,rcarney6o@google.es,Male
242,Debby,Grishankov,dgrishankov6p@tiny.cc,Female
243,Idette,Casey,icasey6q@netscape.com,Female
244,Erna,Couch,ecouch6r@nhs.uk,Female
245,Prue,Jerdan,pjerdan6s@rakuten.co.jp,Female
246,Jacynth,Rohan,jrohan6t@bizjournals.com,Female
247,D'arcy,Poter,dpoter6u@yellowbook.com,Male
248,Orland,Waight,owaight6v@imageshack.us,Male
249,Anastassia,Hannaby,ahannaby6w@alexa.com,Female
250,Yurik,Danbye,ydanbye6x@vinaora.com,Male
